ID,Title,Author,Genre,Publication Year,Availability,Borrow Count
1,1,1,1,1,False,0
2,1984,George Orwell,FICTION,1949,False,0
3,To Kill a Mockingbird,Harper Lee,FICTION,1960,False,0
4,A Brief History of Time,Stephen Hawking,SCIENCE,1988,False,0
5,The Art of War,Sun Tzu,HISTORY,500,True,4
6,Pride and Prejudice,Jane Austen,ROMANCE,1813,True,0
7,The Catcher in the Rye,J.D. Salinger,FICTION,1951,True,0
8,The Hobbit,J.R.R. Tolkien,FICTION,1937,True,0
9,Moby Dick,Herman Melville,FICTION,1851,False,0
10,War and Peace,Leo Tolstoy,FICTION,1869,True,0
11,Jane Eyre,Charlotte Brontë,ROMANCE,1847,False,0
12,Wuthering Heights,Emily Brontë,ROMANCE,1847,False,0
13,13,13,13,13,True,0
14,14,14,14,1414,True,0
151,151,151,15,1515,False,0
666,667,667,667,667,True,667
12344,python,lee,123,12334,False,0
